{
  "project_info": {
    "project_number": "863324065058",
    "firebase_url": "https://chatlive-de1a6.firebaseio.com",
    "project_id": "chatlive-de1a6",
    "storage_bucket": "chatlive-de1a6.appspot.com"
  },
  "client": [
    {
      "client_info": {
        "mobilesdk_app_id": "1:863324065058:android:82bbe83e8b24389f07297b",
        "android_client_info": {
          "package_name": "com.ir_sj.chatlive"
        }
      },
      "oauth_client": [
        {
          "client_id": "863324065058-5cl1d3jhri95ki0qgdj83euts3crhrh1.apps.googleusercontent.com",
          "client_type": 1,
          "android_info": {
            "package_name": "com.ir_sj.chatlive",
            "certificate_hash": "c85605ce630691aa4f679c7860d858b531824eaa"
          }
        },
        {
          "client_id": "863324065058-0lrl2v89j80d6ahfcdqondcv4rkr5pc1.apps.googleusercontent.com",
          "client_type": 3
        }
      ],
      "api_key": [
        {
          "current_key": "AIzaSyC1CUtMRnApadBDxscmfBTphtdKUXvzBM4"
        }
      ],
      "services": {
        "appinvite_service": {
          "other_platform_oauth_client": [
            {
              "client_id": "863324065058-0lrl2v89j80d6ahfcdqondcv4rkr5pc1.apps.googleusercontent.com",
              "client_type": 3
            }
          ]
        }
      }
    }
  ],
  "configuration_version": "1"
}